school_name,session,served_wmape,cpm_mae,wastecost_mae,waste_per_100_implied,stockout_day_rate_implied
Aldrin Elementary,Breakfast,0.6739130434782609,49.88546428571429,6.5177499999999995,60.869565217391305,30.0
Annandale High,Breakfast,0.7982456140350878,443.69060854341734,40.82075,50.87719298245614,40.0
Annandale Terrace Elementary,Breakfast,0.5,63.45000000000002,7.496749999999999,250.0,5.0
Armstrong Elementary,Breakfast,0.5913978494623656,15.66524550960735,8.4235,39.784946236559136,35.0
Beech Tree Elementary,Breakfast,0.9423076923076923,57.51128947368421,11.482,128.84615384615384,10.0
Belle View Elementary,Breakfast,1.0,,5.07725,0.0,0.0
Belvedere Elementary,Breakfast,1.0,77.93248452012384,17.434999999999995,0.0,20.0
Bonnie Brae Elementary,Breakfast,0.6100917431192661,24.507114505012538,9.731000000000002,80.73394495412845,10.0
Braddock Elementary,Breakfast,,,0.0,,
Bren Mar Park Elementary,Breakfast,0.45161290322580644,32.43017449128411,7.9762499999999985,66.66666666666667,35.0
Brookfield Elementary,Breakfast,0.46631205673758863,14.809295811721821,7.914249999999998,25.177304964539008,45.0
Bucknell Elementary,Breakfast,1.0,23.295000000000016,15.29025,250.0,5.882352941176471
Bull Run Elementary,Breakfast,1.0,,8.638,100.0,0.0
Bush Hill Elementary,Breakfast,0.9134615384615384,45.17991587823941,4.725499999999999,75.0,25.0
CHANTILLY HS,Breakfast,0.6470588235294118,77.532,32.38625000000001,24.242424242424242,29.41176470588235
Camelot Elementary,Breakfast,0.9102564102564102,60.48474652777778,5.749499999999999,94.44444444444444,31.57894736842105
Cameron Elementary,Breakfast,,,24.548249999999996,,
Canterbury Woods Elementary,Breakfast,0.875,15.4185,6.81875,200.0,20.0
Cardinal Forest Elementary,Breakfast,1.0,,13.513499999999999,200.0,0.0
Carson Middle,Breakfast,0.5763888888888888,12.329053347014415,5.103249999999999,54.861111111111114,20.0
Centre Ridge Elementary,Breakfast,,,13.300999999999998,,
Centreville Elementary,Breakfast,0.5694444444444444,58.951796875,10.157749999999998,69.44444444444444,15.0
Centreville High,Breakfast,0.6764705882352942,47.71744444444445,10.322000000000003,53.333333333333336,15.789473684210526
Cherry Run Elementary,Breakfast,1.0,3.25,2.85675,200.0,9.090909090909092
Chesterbrook Elementary,Breakfast,1.0404040404040404,19.537187990196077,12.805000000000001,140.40404040404042,30.0
Churchill Road Elementary,Breakfast,0.95,7.058622448979591,6.650499999999999,8.333333333333334,63.63636363636363
Clearview Elementary,Breakfast,0.595679012345679,27.084573692810455,8.34875,18.51851851851852,45.0
Clermont Elementary,Breakfast,0.7647058823529411,44.9197962962963,9.307000000000002,305.88235294117646,25.0
Coates Elementary,Breakfast,,,43.931000000000004,,
Colin Powell Elementary,Breakfast,,,5.529750000000002,,
Columbia Elementary,Breakfast,,,19.575750000000003,,
Colvin Run Elementary,Breakfast,0.7346938775510204,10.123050170068026,6.55025,153.0612244897959,25.0
Cooper Middle,Breakfast,0.58,18.93188333333333,3.437999999999999,54.166666666666664,31.57894736842105
Crestwood Elementary,Breakfast,1.0483870967741935,47.42473076923077,9.608749999999997,119.35483870967742,15.0
Crossfield Elementary,Breakfast,0.3443708609271523,2.743894255675073,1.1780000000000002,9.933774834437086,40.0
Cub Run Elementary,Breakfast,0.6333333333333333,32.51327838827839,6.9335,44.44444444444444,40.0
Cunningham Park Elementary,Breakfast,1.0,36.49555555555555,6.302249999999999,25.0,21.428571428571427
Daniels Run Elementary,Breakfast,0.9054054054054054,69.32349404761905,12.059999999999997,74.19354838709677,31.25
Deer Park Elementary,Breakfast,0.631578947368421,29.719089876033056,11.5175,19.736842105263158,45.0
Dogwood Elementary,Breakfast,,,10.453999999999999,12600.0,0.0
Dranesville Elementary,Breakfast,,,7.735499999999999,,
Eagle View Elementary,Breakfast,1.0,,14.253500000000003,0.0,0.0
Edison High,Breakfast,,,15.084,,
FALLS CHURCH HS,Breakfast,,,46.36424999999999,,
Fairfax High,Breakfast,0.5448717948717948,29.950162265512258,15.84475,58.97435897435897,20.0
Fairfax Villa Elementary,Breakfast,,,4.357750000000001,,
Fairhill Elementary,Breakfast,,,13.698249999999998,,
Fairview Elementary,Breakfast,1.0,54.14833333333333,3.1635,20.0,30.0
Flint Hill Elementary,Breakfast,1.0,24.19090277777778,3.0274999999999994,0.0,40.0
Floris Elementary,Breakfast,1.1604938271604939,25.051912069168647,13.220749999999995,237.03703703703704,15.0
Forest Edge Elementary,Breakfast,0.9,22.66329268292683,8.63625,66.66666666666667,14.285714285714286
Forestdale Elementary,Breakfast,1.0,,7.29125,0.0,0.0
Forestville Elementary,Breakfast,0.5625,6.47995452535081,8.626999999999999,36.71875,35.0
Fort Belvoir Primary Elementary,Breakfast,0.6666666666666666,142.7496252436647,62.690250000000006,25.28735632183908,30.0
Fort Belvoir Upper Elementary,Breakfast,0.22916666666666666,35.72054166666666,22.48925,16.666666666666668,20.0
Fort Hunt Elementary,Breakfast,1.1790123456790123,40.01199693984178,12.3335,104.93827160493827,25.0
Fox Mill Elementary,Breakfast,0.8461538461538461,27.040901515151518,6.177749999999999,53.7037037037037,41.1764705882353
Franconia Elementary,Breakfast,0.0,26.375000000000007,19.427249999999997,550.0,0.0
Franklin Middle,Breakfast,0.6363636363636364,13.687026495726496,10.920499999999999,81.81818181818181,36.8421052631579
Franklin Sherman Elementary,Breakfast,0.9615384615384616,27.0975,5.6370000000000005,33.333333333333336,35.294117647058826
Freedom Hill Elementary,Breakfast,0.9166666666666666,57.49472023809524,18.35275,37.83783783783784,26.31578947368421
Frost Middle,Breakfast,1.0,59.58333333333333,13.898,171.42857142857142,20.0
Garfield Elementary,Breakfast,1.0,,6.437,1200.0,0.0
Glasgow Middle,Breakfast,,,25.65,,
Glen Forest Elementary,Breakfast,,,24.285249999999998,,
Graham Road Elementary,Breakfast,0.9772727272727273,150.13916666666665,10.04625,9.523809523809524,17.647058823529413
Great Falls Elementary,Breakfast,0.7380952380952381,20.193902777777783,8.052749999999998,96.42857142857143,30.0
Greenbriar East Elementary,Breakfast,1.16,99.92880952380952,20.752249999999997,60.60606060606061,63.63636363636363
Greenbriar West Elementary,Breakfast,0.7425742574257426,37.94322871656378,5.571249999999999,36.633663366336634,45.0
Groveton Elementary,Breakfast,,,17.205526315789474,,
Gunston Elementary,Breakfast,0.9578947368421052,46.40973824281598,12.489250000000002,67.89473684210526,40.0
HAYFIELD SS,Breakfast,1.0,,25.197249999999993,300.0,0.0
HERNDON HS,Breakfast,,,8.44275,,
Halley Elementary,Breakfast,0.46153846153846156,72.05849074074074,8.88075,51.282051282051285,20.0
Haycock Elementary,Breakfast,1.0,,7.766499999999999,2700.0,0.0
Hayfield Elementary,Breakfast,1.0,,6.1515,0.0,0.0
Herndon Elementary,Breakfast,0.3780487804878049,72.81134210526317,5.42175,39.02439024390244,10.0
Herndon Middle,Breakfast,1.0,155.60103773584905,10.33175,1.8867924528301887,7.6923076923076925
Hollin Meadows Elementary,Breakfast,,,8.73425,,
Holmes Middle,Breakfast,1.0,,46.96775,200.0,0.0
Hughes Middle,Breakfast,1.0,,15.6905,800.0,0.0
Hunt Valley Elementary,Breakfast,,,4.93425,,
Hunters Woods Elementary,Breakfast,0.83,48.7651150137741,6.26375,108.0,40.0
Hutchison Elementary,Breakfast,,,25.14425,,
Hybla Valley Elementary,Breakfast,,,85.88775,,
Irving Middle,Breakfast,0.4878048780487805,22.673096638655466,7.191249999999999,46.34146341463415,25.0
Island Creek Elementary,Breakfast,2.0,35.08333333333333,17.950000000000003,200.0,0.0
Jefferson High,Breakfast,,,8.8795,,
Johnson Middle,Breakfast,0.6158536585365854,58.74278888888889,21.159,26.829268292682926,45.0
Justice High,Breakfast,1.0,,21.546750000000003,300.0,0.0
Keene Mill Elementary,Breakfast,0.75,32.66924999999999,18.03775,650.0,0.0
Kent Gardens Elementary,Breakfast,1.0,,10.428,0.0,0.0
Key Middle,Breakfast,0.9047619047619048,41.97514965986395,22.90875,109.52380952380952,30.0
Kilmer Middle,Breakfast,0.6267605633802817,27.971208950617285,7.579000000000001,35.2112676056338,45.0
Kings Glen Elementary,Breakfast,,,3.9877499999999997,,
Kings Park Elementary,Breakfast,,,43.705,,
Lake Anne Elementary,Breakfast,0.7142857142857143,52.28746124338624,11.9505,67.85714285714286,15.0
Lake Braddock Secondary,Breakfast,0.8923076923076924,126.18294026486335,28.26,46.15384615384615,55.0
Lane Elementary,Breakfast,0.6666666666666666,23.267760714285707,5.491499999999999,33.333333333333336,35.0
Langley High,Breakfast,0.9090909090909091,36.41666666666666,4.696499999999999,50.0,36.36363636363637
Laurel Hill Elementary,Breakfast,,,15.9465,,
Laurel Ridge Elementary,Breakfast,0.8913043478260869,48.841553030303025,5.8485,43.47826086956522,45.0
Lees Corner Elementary,Breakfast,0.9696969696969697,35.16820875420875,16.805500000000002,125.0,26.31578947368421
Lemon Road Elementary,Breakfast,0.8947368421052632,33.24584910327768,12.910000000000002,109.6774193548387,31.57894736842105
Lewis High,Breakfast,,,15.313250000000002,,
Liberty Middle,Breakfast,0.8333333333333334,7.180000000000007,7.444749999999999,900.0,0.0
Little Run Elementary,Breakfast,0.896551724137931,26.306062499999996,7.171499999999999,52.0,10.526315789473685
London Towne Elementary,Breakfast,1.0,181.82166666666666,17.34825,366.6666666666667,10.0
Longfellow Middle,Breakfast,,,13.749500000000001,,
Lorton Station Elementary,Breakfast,,,3.0454999999999997,,
Louise Archer Elementary,Breakfast,1.0,,5.5855,500.0,0.0
Luther Jackson Middle,Breakfast,0.6444444444444445,42.08641309523809,9.19125,28.571428571428573,41.1764705882353
Lynbrook Elementary,Breakfast,0.75,165.58833333333334,11.854,133.33333333333334,7.142857142857143
MARSHALL HS,Breakfast,,,10.448,,
MT VERNON HS,Breakfast,0.5875,115.59854574592076,26.475750000000005,61.25,30.0
Madison High,Breakfast,0.7297297297297297,21.039223181514846,9.047,70.27027027027027,35.0
Mantua Elementary,Breakfast,0.868421052631579,54.8424611572638,33.7285,3.2388663967611335,65.0
Marshall Road Elementary,Breakfast,0.8269230769230769,35.41342857142857,14.94325,104.34782608695652,22.22222222222222
Mason Crest Elementary,Breakfast,0.5175438596491229,22.388347446413235,8.74675,37.719298245614034,35.0
McLean High,Breakfast,0.9375,90.41714285714285,9.627500000000001,21.73913043478261,33.333333333333336
McNair Elementary,Breakfast,1.0548387096774194,150.18656758579584,19.6575,43.506493506493506,44.44444444444444
McNair Upper Elementary,Breakfast,0.7926829268292683,52.2401826923077,14.2195,80.48780487804878,15.0
Mosaic Elementary,Breakfast,0.7916666666666666,53.76275238095237,23.90225,35.294117647058826,42.10526315789474
Mount Eagle Elementary,Breakfast,1.0,56.97402941176471,13.798749999999998,0.0,25.0
Mt. Vernon Woods Elementary,Breakfast,1.2386363636363635,137.30701636904757,19.338,42.857142857142854,31.57894736842105
Navy Elementary,Breakfast,1.0,46.05333333333333,3.0040000000000004,166.66666666666666,6.25
Newington Forest Elementary,Breakfast,0.9193548387096774,36.569423076923066,16.416052631578946,29.032258064516128,15.789473684210526
North Springfield Elementary,Breakfast,0.8333333333333334,10.652857142857142,6.03175,277.77777777777777,15.0
Oak Hill Elementary,Breakfast,0.8297872340425532,39.64366666666667,5.10975,65.95744680851064,40.0
Oak View Elementary,Breakfast,1.0454545454545454,59.90219218749999,11.924999999999999,169.6969696969697,10.0
Oakton Elementary,Breakfast,0.8818897637795275,9.131701172208013,5.795249999999999,52.75590551181102,30.0
Oakton High,Breakfast,0.6428571428571429,101.72786458333331,19.464,171.42857142857142,5.0
Olde Creek Elementary,Breakfast,0.4807692307692308,18.075333333333326,6.678500000000001,36.53846153846154,30.0
Orange Hunt Elementary,Breakfast,0.7142857142857143,17.948333333333334,18.395999999999997,260.0,10.526315789473685
Parklawn Elementary,Breakfast,1.0384615384615385,57.82169370112415,44.92499999999999,172.1153846153846,15.0
Pine Spring Elementary,Breakfast,0.15384615384615385,12.86755555555556,13.943000000000001,276.9230769230769,0.0
Poe Middle,Breakfast,1.0,,51.371500000000005,0.0,0.0
Poplar Tree Elementary,Breakfast,0.9166666666666666,24.998297619047616,4.180250000000001,95.23809523809524,23.529411764705884
Providence Elementary,Breakfast,0.9940476190476191,39.46467668269231,38.97500000000001,92.95774647887323,33.333333333333336
Ravensworth Elementary,Breakfast,0.9333333333333333,33.87379629629629,6.7715000000000005,71.42857142857143,43.75
Riverside Elementary,Breakfast,,,14.351500000000001,,
Robinson Secondary,Breakfast,0.84,38.449523809523804,11.023249999999997,86.95652173913044,31.57894736842105
Rocky Run Middle,Breakfast,1.0,,9.27725,200.0,0.0
Rolling Valley Elementary,Breakfast,1.0,35.965833333333336,9.26525,0.0,11.11111111111111
Rose Hill Elementary,Breakfast,0.8846153846153846,99.99952380952381,11.63175,0.0,20.0
SOUTH COUNTY HS,Breakfast,1.0,96.82921875,15.924499999999998,6.521739130434782,36.36363636363637
Sandburg Middle,Breakfast,,,6.8311111111111105,,
Sangster Elementary,Breakfast,,,11.913750000000002,,
Saratoga Elementary,Breakfast,0.8421052631578947,76.68942708333333,20.680750000000003,38.888888888888886,47.05882352941177
Shrevewood Elementary,Breakfast,0.9523809523809523,76.94948412698412,44.271499999999996,78.94736842105263,31.57894736842105
Silverbrook Elementary,Breakfast,0.9791666666666666,38.355515873015875,9.538250000000001,9.523809523809524,20.0
Sleepy Hollow Elementary,Breakfast,,,9.537,,
South County Middle,Breakfast,1.0,27.05,8.528000000000002,33.333333333333336,13.333333333333334
South Lakes High,Breakfast,0.949685534591195,43.902991745459715,16.26175,81.13207547169812,20.0
Spring Hill Elementary,Breakfast,0.5476190476190477,54.84603174603174,5.5409999999999995,128.57142857142858,15.0
Springfield Estates Elementary,Breakfast,,,6.019250000000001,,
Stenwood Elementary,Breakfast,0.6296296296296297,24.994791666666668,14.925500000000003,74.07407407407408,25.0
Stone Middle,Breakfast,0.625,33.001041666666666,6.7147499999999996,120.0,15.0
Stratford Landing Elementary,Breakfast,1.0,,16.423750000000002,2300.0,0.0
Sunrise Valley Elementary,Breakfast,0.45714285714285713,24.63796875,8.01,42.857142857142854,25.0
Terraset Elementary,Breakfast,1.0384615384615385,70.2437,40.274499999999996,176.92307692307693,15.0
Thoreau Middle,Breakfast,0.975,26.833823529411763,4.9007499999999995,21.05263157894737,10.526315789473685
Timber Lane Elementary,Breakfast,1.0,131.72099999999998,24.329,0.0,42.857142857142854
Twain Middle,Breakfast,1.0,22.069444444444446,12.162999999999998,66.66666666666667,17.647058823529413
Union Mill Elementary,Breakfast,0.6006493506493507,11.35522604540537,14.985999999999999,32.467532467532465,40.0
Vienna Elementary,Breakfast,0.6785714285714286,14.868125000000001,4.390000000000001,150.0,15.0
Virginia Run Elementary,Breakfast,0.46296296296296297,71.75552777777779,21.639250000000004,44.44444444444444,15.0
WESTFIELD HS,Breakfast,0.8095238095238095,109.81077777777779,20.726999999999997,147.3684210526316,15.789473684210526
Wakefield Forest Elementary,Breakfast,0.9555555555555556,17.729792517006803,13.10675,57.89473684210526,41.1764705882353
Waples Mill Elementary,Breakfast,,,3.8547499999999992,,
Washington Mill Elementary,Breakfast,,,11.97625,,
Waynewood Elementary,Breakfast,1.0,4.541666666666666,22.803999999999995,250.0,6.25
West Potomac High,Breakfast,,,29.10812499999999,,
West Springfield Elementary,Breakfast,0.75,24.192916666666665,13.957749999999999,83.33333333333333,5.882352941176471
West Springfield High,Breakfast,1.0,73.375,11.629499999999998,33.333333333333336,15.384615384615385
Westbriar Elementary,Breakfast,0.5075757575757576,4.382047138047138,3.2588888888888885,16.260162601626018,64.70588235294117
Westgate Elementary,Breakfast,0.5,3.759999999999991,13.761,500.0,0.0
Westlawn Elementary,Breakfast,1.0,,10.708250000000003,0.0,0.0
Weyanoke Elementary,Breakfast,1.3076923076923077,142.48458333333335,43.806,1800.0,0.0
White Oaks Elementary,Breakfast,0.6052631578947368,13.048703703703707,6.018749999999999,55.26315789473684,30.0
Whitman Middle School,Breakfast,1.0,,28.59099999999999,0.0,0.0
Willow Springs Elementary,Breakfast,0.8125,37.597,4.5595,187.5,10.0
Wolftrap Elementary,Breakfast,0.3412698412698413,2.2019333333333346,2.8394999999999997,31.746031746031747,15.0
Woodburn Elementary,Breakfast,,,5.285500000000001,,
Woodlawn Elementary,Breakfast,1.0,,12.177,200.0,0.0
Woodley Hills Elementary,Breakfast,,,46.155,,
Woodson High,Breakfast,1.0,,7.595249999999998,0.0,0.0
Aldrin Elementary,Lunch,0.7116564417177914,78.69501950393357,17.472749999999998,19.01840490797546,60.0
Annandale High,Lunch,0.22135102533172496,6.975852098198482,56.00624999999998,34.13751507840772,10.0
Annandale Terrace Elementary,Lunch,0.34545454545454546,161.94904385964915,54.06849999999999,69.0909090909091,5.0
Armstrong Elementary,Lunch,0.329557157569516,3.6226747660420195,18.7375,60.45314109165808,5.0
Beech Tree Elementary,Lunch,1.265472312703583,49.75745378445953,26.245250000000006,142.01954397394138,25.0
Belle View Elementary,Lunch,1.0,205.4,9.787250000000002,11.764705882352942,8.333333333333334
Belvedere Elementary,Lunch,0.8546511627906976,200.89703603603604,58.765499999999996,81.70731707317073,31.25
Bonnie Brae Elementary,Lunch,0.29598145285935085,4.342296212646995,7.048,28.825347758887172,15.0
Braddock Elementary,Lunch,1.0,,0.11400000000000002,300.0,0.0
Bren Mar Park Elementary,Lunch,0.3839479392624729,16.413896580962327,13.996842105263156,22.7765726681128,47.36842105263158
Brookfield Elementary,Lunch,0.7255520504731862,17.815308366015266,19.266250000000003,61.51419558359621,30.0
Bucknell Elementary,Lunch,0.5043478260869565,148.64954619408365,45.67100000000001,41.0,15.789473684210526
Bull Run Elementary,Lunch,1.0,98.97999999999996,14.748749999999998,66.66666666666667,9.090909090909092
Bush Hill Elementary,Lunch,0.6428571428571429,95.94784660502097,30.5745,102.76497695852535,10.0
CHANTILLY HS,Lunch,0.7956521739130434,536.3781543314777,249.706,114.34782608695652,20.0
Camelot Elementary,Lunch,0.6633165829145728,143.21737110606782,17.17,32.663316582914575,40.0
Cameron Elementary,Lunch,1.043956043956044,115.08914962121213,162.478,52.23880597014925,20.0
Canterbury Woods Elementary,Lunch,0.38752052545155996,6.267940603168347,8.588750000000003,41.37931034482759,10.0
Cardinal Forest Elementary,Lunch,0.8333333333333334,248.78685859929078,13.059000000000006,24.0,30.0
Carson Middle,Lunch,0.36015538290788013,3.839904373262393,27.759999999999998,58.879023307436185,10.0
Centre Ridge Elementary,Lunch,0.6691176470588235,386.69648863636365,93.696,23.529411764705884,15.0
Centreville Elementary,Lunch,0.44089456869009586,65.26488985920125,106.42225,28.75399361022364,40.0
Centreville High,Lunch,0.45296838858905164,52.40349829535764,36.0905,22.0508866615266,50.0
Cherry Run Elementary,Lunch,0.5727272727272728,99.78624166666667,13.714000000000002,65.45454545454545,15.0
Chesterbrook Elementary,Lunch,1.0,19.491014285714286,10.662249999999998,0.0,42.857142857142854
Churchill Road Elementary,Lunch,0.753257328990228,49.30592979268095,23.5345,23.452768729641694,65.0
Clearview Elementary,Lunch,0.7675378266850069,18.30321311955489,30.862999999999992,20.15130674002751,35.0
Clermont Elementary,Lunch,0.44074074074074077,58.28096932234433,31.13175,54.074074074074076,30.0
Coates Elementary,Lunch,0.9043478260869565,33.94525487720339,106.84949999999999,98.9247311827957,31.57894736842105
Colin Powell Elementary,Lunch,1.0,313.532228804241,82.75625,45.283018867924525,45.0
Columbia Elementary,Lunch,0.874251497005988,16.007264850727836,29.65349999999999,33.75,15.789473684210526
Colvin Run Elementary,Lunch,0.40304709141274236,14.186070670399758,14.428749999999997,47.9224376731302,20.0
Cooper Middle,Lunch,0.6111111111111112,228.61350681116173,46.609749999999984,35.44973544973545,45.0
Crestwood Elementary,Lunch,0.5252225519287834,57.00144188649691,31.944749999999992,17.2106824925816,65.0
Crossfield Elementary,Lunch,0.5654627539503386,23.736757669544687,17.736000000000004,24.604966139954854,45.0
Cub Run Elementary,Lunch,0.4087193460490463,22.808524516006866,50.27974999999999,71.38964577656675,10.0
Cunningham Park Elementary,Lunch,0.6614173228346457,94.71543093885278,29.54325,38.58267716535433,45.0
Daniels Run Elementary,Lunch,0.7461024498886414,120.84433368223489,86.59675,57.6837416481069,20.0
Deer Park Elementary,Lunch,0.8501577287066246,102.06668913329685,88.602,48.26498422712934,45.0
Dogwood Elementary,Lunch,0.6875,33.840941666666666,172.43900000000002,119.8529411764706,15.789473684210526
Dranesville Elementary,Lunch,1.0,19.49252032520325,19.55,78.84615384615384,16.666666666666668
Eagle View Elementary,Lunch,0.7934782608695652,281.05658067765563,87.93025,69.56521739130434,25.0
Edison High,Lunch,,,65.045,600.0,0.0
FALLS CHURCH HS,Lunch,1.0,401.73607142857145,120.367,0.0,11.11111111111111
Fairfax High,Lunch,0.6596758817921831,60.98019338457027,117.60525,30.40991420400381,30.0
Fairfax Villa Elementary,Lunch,1.0,,11.22125,0.0,0.0
Fairhill Elementary,Lunch,0.7976190476190477,257.8797916666667,23.7105,42.42424242424242,25.0
Fairview Elementary,Lunch,1.7125850340136055,117.30715106209149,20.37325,158.843537414966,20.0
Flint Hill Elementary,Lunch,1.0413223140495869,263.8790426795427,19.488999999999997,55.37190082644628,50.0
Floris Elementary,Lunch,0.39917269906928643,5.6408389704938715,27.320249999999998,71.66494312306101,10.0
Forest Edge Elementary,Lunch,0.6662971175166297,43.53583447444519,7.670749999999998,12.416851441241684,65.0
Forestdale Elementary,Lunch,0.7712765957446809,340.70941044016286,33.32699999999999,36.55913978494624,44.44444444444444
Forestville Elementary,Lunch,0.28248974008207933,4.983985937422891,44.1185,15.73187414500684,45.0
Fort Belvoir Primary Elementary,Lunch,0.5971223021582733,31.849826463569297,120.59799999999998,39.20863309352518,20.0
Fort Belvoir Upper Elementary,Lunch,0.5,125.29868107769423,41.175,57.142857142857146,20.0
Fort Hunt Elementary,Lunch,1.04337899543379,57.41792807949626,23.859250000000003,113.14285714285714,26.31578947368421
Fox Mill Elementary,Lunch,0.2997512437810945,5.400310699250282,18.71175,9.701492537313433,65.0
Franconia Elementary,Lunch,0.9232954545454546,112.4508281573499,59.700250000000004,95.95375722543352,21.05263157894737
Franklin Middle,Lunch,0.9714573539288113,23.81277327595955,94.796,41.101410342511755,55.0
Franklin Sherman Elementary,Lunch,0.6751101321585903,17.33948973150215,16.13875,48.458149779735685,40.0
Freedom Hill Elementary,Lunch,0.6009791921664627,22.73631692804205,70.32524999999998,21.297429620563037,50.0
Frost Middle,Lunch,0.6685049019607843,48.22101721225026,101.14475,36.27450980392157,55.0
Garfield Elementary,Lunch,0.7115384615384616,108.72138950617284,5.78,31.372549019607842,52.63157894736842
Glasgow Middle,Lunch,0.8424657534246576,329.58427053571427,18.172999999999995,56.16438356164384,40.0
Glen Forest Elementary,Lunch,0.7276315789473684,56.719604633264666,68.50825,67.10526315789474,20.0
Graham Road Elementary,Lunch,0.7644787644787645,328.39421720244474,136.38825000000003,4.2471042471042475,70.0
Great Falls Elementary,Lunch,0.9709302325581395,107.90711844916777,30.502999999999997,70.0,42.10526315789474
Greenbriar East Elementary,Lunch,0.968944099378882,300.69901741986087,194.04674999999997,10.69182389937107,76.92307692307692
Greenbriar West Elementary,Lunch,0.7438650306748467,103.15328797087413,19.784499999999998,27.300613496932517,50.0
Groveton Elementary,Lunch,0.8564154786150713,210.98043586098476,76.35575000000001,23.360655737704917,61.111111111111114
Gunston Elementary,Lunch,0.9866666666666667,174.74803309864276,17.5625,61.0,30.0
HAYFIELD SS,Lunch,0.7017783857729138,125.43841368629046,198.18225,61.01231190150479,30.0
HERNDON HS,Lunch,1.0,,115.6935,100.0,0.0
Halley Elementary,Lunch,0.16221374045801526,11.35171363899581,10.834750000000001,49.23664122137404,5.0
Haycock Elementary,Lunch,0.6746031746031746,82.24035452485589,29.101999999999997,49.20634920634921,45.0
Hayfield Elementary,Lunch,0.873015873015873,186.81981356275304,64.82575,74.60317460317461,20.0
Herndon Elementary,Lunch,0.23275862068965517,11.055551648133328,16.411749999999998,13.362068965517242,50.0
Herndon Middle,Lunch,0.34812286689419797,16.082298190777514,9.14925,11.433447098976108,55.0
Hollin Meadows Elementary,Lunch,,,14.495,,
Holmes Middle,Lunch,0.7507936507936508,125.93449478757056,85.69575,78.41269841269842,40.0
Hughes Middle,Lunch,1.0,,26.280749999999994,800.0,0.0
Hunt Valley Elementary,Lunch,0.05263157894736842,75.33002777777777,4.348250000000001,110.52631578947368,0.0
Hunters Woods Elementary,Lunch,0.5320945945945946,29.39140722948721,23.0465,33.78378378378378,40.0
Hutchison Elementary,Lunch,0.6884615384615385,39.810333131151296,135.3845,48.07692307692308,35.0
Hybla Valley Elementary,Lunch,0.24473684210526317,4.970873918049626,92.973,16.466165413533833,45.0
Irving Middle,Lunch,0.4422141119221411,30.473757815816736,26.471249999999998,15.085158150851582,50.0
Island Creek Elementary,Lunch,,,7.599999999999994,,
Jefferson High,Lunch,0.9666666666666667,927.5205000000001,81.33975,100.0,6.25
Johnson Middle,Lunch,0.30067189249720044,12.294929252936475,63.48600000000001,11.98208286674132,35.0
Justice High,Lunch,0.6623222748815166,67.48631549601168,57.02475,53.08056872037915,20.0
Keene Mill Elementary,Lunch,0.0,87.26500000000004,14.488999999999999,950.0,0.0
Kent Gardens Elementary,Lunch,1.0,,48.032,0.0,0.0
Key Middle,Lunch,0.7699530516431925,80.70835881314069,120.27374999999999,17.84037558685446,50.0
Kilmer Middle,Lunch,0.47653429602888087,38.472187410866376,54.56499999999998,37.18411552346571,35.0
Kings Glen Elementary,Lunch,0.7307692307692307,229.68828205128204,14.875250000000003,87.17948717948718,30.0
Kings Park Elementary,Lunch,,,111.11024999999998,,
Lake Anne Elementary,Lunch,0.437780269058296,9.991214489685328,26.045500000000004,28.251121076233183,40.0
Lake Braddock Secondary,Lunch,0.2925311203319502,77.55595146103897,38.82050000000001,60.16597510373444,5.0
Lane Elementary,Lunch,1.4261083743842364,32.6640469366331,32.31824999999999,86.37110016420361,30.0
Langley High,Lunch,0.6783625730994152,171.08629067460316,29.788,50.87719298245614,35.0
Laurel Hill Elementary,Lunch,1.0,11.929,137.55650000000003,50.0,11.11111111111111
Laurel Ridge Elementary,Lunch,0.36666666666666664,30.498397457201815,68.90424999999999,42.592592592592595,30.0
Lees Corner Elementary,Lunch,0.6096491228070176,38.33701891980569,47.138000000000005,50.90909090909091,42.10526315789474
Lemon Road Elementary,Lunch,1.032258064516129,136.3351669214911,34.146750000000004,90.3225806451613,35.0
Lewis High,Lunch,1.0,,36.452,0.0,0.0
Liberty Middle,Lunch,0.5,350.3676363636364,31.60225000000001,161.29032258064515,10.0
Little Run Elementary,Lunch,0.9947916666666666,120.94267931128142,17.939500000000002,35.416666666666664,40.0
London Towne Elementary,Lunch,0.579746835443038,38.37486522006397,26.36275,92.40506329113924,20.0
Longfellow Middle,Lunch,0.3532608695652174,71.64084490740741,56.90775,80.43478260869566,5.0
Lorton Station Elementary,Lunch,0.3333333333333333,198.51814705882342,7.051250000000001,70.83333333333333,5.0
Louise Archer Elementary,Lunch,0.25290215588723053,7.129715329997643,27.691499999999998,51.575456053067995,5.0
Luther Jackson Middle,Lunch,0.8587257617728532,142.2725786403411,77.07250000000002,47.863247863247864,36.8421052631579
Lynbrook Elementary,Lunch,0.9967948717948718,270.84470833333324,44.261,64.1025641025641,25.0
MARSHALL HS,Lunch,1.0,1206.5579166666666,48.47625000000001,42.5,22.22222222222222
MT VERNON HS,Lunch,0.6827880512091038,40.7860489039905,107.49949999999998,55.76102418207682,25.0
Madison High,Lunch,0.5425867507886435,64.9253099437843,95.6295,12.618296529968454,55.0
Mantua Elementary,Lunch,0.7890946502057613,48.98581012255645,92.17250000000001,2.959830866807611,93.33333333333333
Marshall Road Elementary,Lunch,0.9341463414634147,93.83775542089785,56.133,33.90243902439025,50.0
Mason Crest Elementary,Lunch,1.0924050632911393,50.45606368534261,39.24900000000001,109.24050632911393,20.0
McLean High,Lunch,0.6194852941176471,167.9652263138908,67.31824999999999,59.55882352941177,25.0
McNair Elementary,Lunch,0.49787835926449786,14.806153352079706,72.1945,12.305516265912306,65.0
McNair Upper Elementary,Lunch,0.3057324840764331,7.011199395128898,39.17,13.757961783439491,55.0
Mosaic Elementary,Lunch,0.6691729323308271,328.55184125667216,91.43449999999999,9.398496240601503,55.0
Mount Eagle Elementary,Lunch,1.0,,14.393,0.0,0.0
Mt. Vernon Woods Elementary,Lunch,0.8949044585987261,345.98238393444063,36.97399999999999,18.42105263157895,47.36842105263158
Navy Elementary,Lunch,1.0071942446043165,344.69313997165136,78.52425000000001,26.618705035971225,35.0
Newington Forest Elementary,Lunch,0.7681159420289855,64.32818482905985,29.25775000000001,73.18840579710145,25.0
North Springfield Elementary,Lunch,1.14,184.9511012407355,19.807249999999996,89.6,15.0
Oak Hill Elementary,Lunch,0.9508771929824561,135.10614247044577,37.01575,30.526315789473685,35.0
Oak View Elementary,Lunch,0.4381044487427466,20.968586314654733,35.405750000000005,15.667311411992262,60.0
Oakton Elementary,Lunch,0.8888888888888888,61.49440283181969,26.302750000000003,20.952380952380953,52.63157894736842
Oakton High,Lunch,0.6588785046728972,210.81124767874667,211.41675,36.91588785046729,45.0
Olde Creek Elementary,Lunch,0.48519736842105265,57.87934911951257,19.998750000000005,29.44078947368421,45.0
Orange Hunt Elementary,Lunch,1.645,307.6431055968542,96.33250000000001,307.0,15.0
Parklawn Elementary,Lunch,0.7392966360856269,79.16378197305349,57.913,22.629969418960243,45.0
Pine Spring Elementary,Lunch,1.0,343.61777777777775,73.93274999999998,1900.0,5.2631578947368425
Poe Middle,Lunch,0.4934640522875817,170.8631332810708,102.68125,27.45098039215686,35.0
Poplar Tree Elementary,Lunch,0.69140625,79.05173462982783,67.35750000000002,34.86842105263158,52.63157894736842
Providence Elementary,Lunch,0.791095890410959,115.67791776495109,118.81775000000002,43.065693430656935,35.294117647058826
Ravensworth Elementary,Lunch,0.8227272727272728,51.26497218669601,53.064,42.42424242424242,40.0
Riverside Elementary,Lunch,0.602803738317757,124.11334164528282,39.48125,41.12149532710281,40.0
Robinson Secondary,Lunch,0.8670745272525028,301.01658597580945,161.20600000000002,40.48943270300334,60.0
Rocky Run Middle,Lunch,0.7236842105263158,240.96350993993136,39.19974999999999,28.289473684210527,40.0
Rolling Valley Elementary,Lunch,1.0,106.9886160633484,30.090999999999998,110.8108108108108,29.41176470588235
Rose Hill Elementary,Lunch,0.47093023255813954,77.40247502693386,14.2245,77.90697674418605,15.0
SOUTH COUNTY HS,Lunch,0.8509316770186336,153.3346253630181,69.53324999999998,179.50310559006212,20.0
Sandburg Middle,Lunch,,,132.57274999999998,,
Sangster Elementary,Lunch,,,113.6,,
Saratoga Elementary,Lunch,0.6582278481012658,77.11479986464863,88.18699999999998,38.29113924050633,50.0
Shrevewood Elementary,Lunch,0.8189655172413793,153.7673378863806,85.7105,34.82142857142857,55.55555555555556
Silverbrook Elementary,Lunch,0.7791411042944786,62.28059029581528,76.20625000000001,157.05521472392638,10.0
Sleepy Hollow Elementary,Lunch,,,61.05375,,
South County Middle,Lunch,0.9352941176470588,601.3156068510738,47.15074999999999,45.88235294117647,20.0
South Lakes High,Lunch,0.3669064748201439,12.280042894875685,66.56025,15.507593924860112,45.0
Spring Hill Elementary,Lunch,0.5370370370370371,93.76262695515156,25.5765,53.535353535353536,25.0
Springfield Estates Elementary,Lunch,,,9.66375,,
Stenwood Elementary,Lunch,0.3022700119474313,7.226414806788351,26.554000000000002,12.425328554360812,35.0
Stone Middle,Lunch,0.6702786377708978,38.28414421398165,24.240999999999996,57.27554179566563,20.0
Stratford Landing Elementary,Lunch,1.08,16.64142105263158,45.638250000000006,253.38983050847457,5.2631578947368425
Sunrise Valley Elementary,Lunch,0.28116710875331563,9.465799342141775,40.240249999999996,13.26259946949602,40.0
Terraset Elementary,Lunch,0.918918918918919,32.964107022363606,89.10675,3.8461538461538463,38.888888888888886
Thoreau Middle,Lunch,0.5120772946859904,10.108139585958009,22.6565,23.886205045625335,50.0
Timber Lane Elementary,Lunch,0.286144578313253,11.265151486214569,52.9245,47.18875502008032,20.0
Twain Middle,Lunch,0.3142857142857143,25.368487350771,117.3625,43.142857142857146,20.0
Union Mill Elementary,Lunch,0.47563451776649746,9.314932346256487,22.12175,34.01015228426396,30.0
Vienna Elementary,Lunch,0.542654028436019,23.372732716099257,10.158999999999999,46.44549763033175,35.0
Virginia Run Elementary,Lunch,0.7218045112781954,81.98557203282829,118.41324999999999,75.18796992481202,15.0
WESTFIELD HS,Lunch,0.8596491228070176,325.5659800590939,93.67825,55.75757575757576,47.36842105263158
Wakefield Forest Elementary,Lunch,0.9047619047619048,128.3207777556027,56.161,161.78861788617886,10.526315789473685
Waples Mill Elementary,Lunch,0.32954545454545453,90.22812121212121,53.72600000000001,131.8181818181818,15.0
Washington Mill Elementary,Lunch,1.0,,24.128749999999997,7700.0,0.0
Waynewood Elementary,Lunch,0.8004201680672269,21.11182600056464,46.41375000000001,84.45378151260505,20.0
West Potomac High,Lunch,,,188.68428571428572,,
West Springfield Elementary,Lunch,0.5653495440729484,82.05946494141372,38.048249999999996,28.267477203647417,45.0
West Springfield High,Lunch,0.2630421118793212,7.227759883220591,43.562250000000006,47.20301697045883,5.0
Westbriar Elementary,Lunch,0.2676056338028169,5.947473088829475,11.497500000000002,6.841046277665996,60.0
Westgate Elementary,Lunch,0.5661971830985916,297.19405702939804,25.78,25.633802816901408,45.0
Westlawn Elementary,Lunch,0.7214285714285714,250.87538498083597,32.99825,33.57142857142857,50.0
Weyanoke Elementary,Lunch,0.712742980561555,280.49391526811297,125.71350000000002,53.563714902807774,30.0
White Oaks Elementary,Lunch,0.26105263157894737,4.413350198363786,12.467250000000002,17.263157894736842,40.0
Whitman Middle School,Lunch,0.8548387096774194,277.0692156862745,43.032,104.83870967741936,25.0
Willow Springs Elementary,Lunch,0.5,35.163623507766744,65.62750000000001,25.14792899408284,40.0
Wolftrap Elementary,Lunch,0.23521256931608134,2.3074101297784586,19.402499999999996,14.232902033271719,45.0
Woodburn Elementary,Lunch,0.13009049773755657,7.67982863853309,33.2085,49.547511312217196,0.0
Woodlawn Elementary,Lunch,0.7105263157894737,63.82234925848117,21.878,59.42857142857143,31.57894736842105
Woodley Hills Elementary,Lunch,1.0,473.3434259259259,74.00675,52.94117647058823,29.41176470588235
Woodson High,Lunch,0.23893999123959703,4.079867405688208,61.07299999999999,2.759526938239159,75.0
